Date,Active_Users,Transactions,Revenue,Avg_Response_Time_ms,Error_Rate_Percent,Uptime_Percent
2026-01-01,2622,7866,181378.01,344.5,2.36,99.937
2026-01-02,1657,13256,575171.8,261.9,2.26,99.964
2026-01-03,3416,10248,143246.14,346.0,1.34,99.565
2026-01-04,3181,22267,679040.05,178.2,1.55,99.855
2026-01-05,3409,10227,314592.58,258.4,2.03,99.787
2026-01-06,2140,8560,366774.56,199.2,1.31,99.942
2026-01-07,3076,12304,222458.09,231.3,1.3,99.59
2026-01-08,3414,10242,203611.15,360.5,1.55,99.96
2026-01-09,2063,16504,541679.37,383.2,2.14,99.915
2026-01-10,2324,13944,397742.5,373.4,1.11,99.517
2026-01-11,3297,13188,184572.22,162.6,2.0,99.548
2026-01-12,1885,5655,253059.99,249.5,0.4,99.876
2026-01-13,3248,22736,335935.86,222.8,1.82,99.775
2026-01-14,1976,15808,414251.03,392.7,1.61,99.657
2026-01-15,3333,16665,312775.74,131.7,1.03,99.886
2026-01-16,3561,14244,326697.27,269.7,0.75,99.608
2026-01-17,2750,13750,591776.54,328.2,0.72,99.552
2026-01-18,2310,13860,429859.77,126.7,0.41,99.953
2026-01-19,3364,26912,708144.68,253.9,0.43,99.737
2026-01-20,1682,10092,452810.93,221.8,1.99,99.627
2026-01-21,3009,9027,239719.05,235.8,0.48,99.755
2026-01-22,3236,12944,231264.27,360.9,0.56,99.949
2026-01-23,3318,23226,435598.95,198.5,0.84,99.97
2026-01-24,2760,22080,356680.23,243.5,0.65,99.676
2026-01-25,3374,26992,1096446.58,254.3,1.06,99.721
2026-01-26,2945,23560,525347.85,400.4,0.37,99.97
2026-01-27,2517,7551,149302.06,181.0,0.6,99.621
2026-01-28,3585,10755,478135.16,229.7,0.18,99.759
2026-01-29,3569,24983,949064.89,408.6,1.16,99.826
2026-01-30,1647,9882,286640.96,431.9,0.42,99.966
2026-01-31,1984,15872,455510.76,437.4,1.6,99.902
2026-02-01,3577,14308,242515.67,370.3,2.35,99.947
2026-02-02,1638,6552,114411.67,438.4,1.88,99.862
2026-02-03,2452,14712,459992.41,257.5,2.31,99.694
2026-02-04,2963,8889,219538.99,308.8,1.18,99.631
2026-02-05,1467,10269,445079.25,198.4,0.68,99.752
2026-02-06,2024,12144,428344.59,206.7,0.26,99.897
2026-02-07,2748,21984,380206.42,223.5,1.88,99.518
2026-02-08,2079,10395,223273.8,323.1,0.67,99.582
2026-02-09,2264,9056,164327.75,244.0,0.56,99.622
2026-02-10,3234,12936,521798.6,145.9,0.32,99.512
2026-02-11,3108,9324,200800.41,187.0,1.69,99.974
2026-02-12,3450,27600,819104.06,336.8,1.74,99.952
2026-02-13,2561,15366,454679.2,378.0,0.71,99.908
2026-02-14,3204,9612,327353.96,191.2,1.03,99.56
2026-02-15,2107,6321,159763.91,349.2,0.55,99.512
2026-02-16,1879,7516,103614.1,144.7,1.47,99.979
2026-02-17,2090,12540,255272.84,137.3,0.47,99.598
2026-02-18,2462,19696,749056.0,447.6,1.35,99.664
2026-02-19,3065,21455,913293.82,323.9,0.72,99.937
2026-02-20,2515,12575,468940.16,398.3,1.48,99.744
2026-02-21,3534,17670,280933.37,384.8,0.66,99.899
2026-02-22,1664,11648,196813.37,415.0,1.93,99.687
2026-02-23,3248,9744,211347.96,335.8,1.33,99.588
2026-02-24,2217,15519,634978.2,253.5,1.17,99.602
2026-02-25,2548,15288,372032.55,395.6,1.79,99.832
2026-02-26,3625,25375,388743.23,435.2,1.4,99.838
2026-02-27,3091,21637,736526.49,272.5,2.2,99.585
2026-02-28,3657,25599,1036415.37,257.1,0.56,99.768
2026-03-01,1879,11274,384583.74,285.3,2.47,99.844
2026-03-02,3735,26145,767420.02,223.4,0.95,99.616
2026-03-03,1524,4572,203885.93,133.7,0.5,99.509
2026-03-04,3639,29112,417082.44,141.1,0.98,99.661
2026-03-05,3242,22694,612111.67,237.6,2.19,99.97
2026-03-06,2043,10215,296411.95,207.0,2.08,99.643
2026-03-07,2753,19271,587757.32,153.2,1.3,99.939
2026-03-08,3150,12600,336756.61,301.5,1.23,99.616
2026-03-09,2721,10884,421803.67,214.6,1.02,99.583
2026-03-10,3226,25808,364331.8,225.5,0.34,99.677
2026-03-11,3510,28080,388591.04,170.8,0.6,99.69
2026-03-12,2471,14826,249635.25,164.3,0.72,99.661
2026-03-13,2319,16233,716940.12,194.6,2.47,99.523
2026-03-14,1669,6676,261885.17,340.4,0.16,99.83
2026-03-15,1894,7576,213090.41,413.1,2.13,99.613
2026-03-16,3792,11376,218284.98,274.9,0.69,99.62
2026-03-17,2175,15225,622200.1,264.6,0.8,99.588
2026-03-18,1738,5214,176042.76,293.8,0.24,99.791
2026-03-19,3409,10227,344607.75,192.6,1.53,99.876
2026-03-20,3482,13928,233200.67,423.2,1.54,99.964
2026-03-21,1827,5481,129294.49,312.6,1.37,99.743
2026-03-22,1658,6632,269836.46,365.2,0.91,99.938
2026-03-23,2928,14640,276517.61,279.7,0.31,99.522
2026-03-24,3177,12708,175755.36,194.3,1.65,99.582
2026-03-25,2708,21664,391853.68,418.3,2.38,99.532
2026-03-26,2956,8868,187637.0,192.5,2.25,99.828
2026-03-27,1852,11112,202690.65,375.2,0.82,99.762
2026-03-28,2186,13116,526296.5,221.2,2.49,99.84
2026-03-29,2546,10184,377760.15,158.3,0.89,99.534
2026-03-30,1967,5901,122176.01,410.2,0.44,99.736
2026-03-31,2823,22584,507487.26,446.2,1.27,99.578
2026-04-01,2170,10850,220684.78,317.1,2.46,99.968
2026-04-02,2605,18235,256784.26,282.9,1.84,99.524
2026-04-03,2506,10024,253941.45,194.8,1.97,99.662
2026-04-04,3374,13496,476562.45,434.7,0.86,99.729
2026-04-05,3810,22860,944840.57,307.2,1.45,99.881
2026-04-06,3036,12144,312891.43,183.6,1.57,99.608
2026-04-07,2946,17676,582891.56,151.3,1.44,99.694
2026-04-08,3641,21846,649507.22,446.9,2.0,99.81
2026-04-09,3535,17675,731358.21,197.2,1.06,99.594
2026-04-10,1864,13048,308686.69,294.6,2.45,99.953
2026-04-11,2550,17850,549964.37,144.1,1.63,99.504
2026-04-12,3844,15376,442666.71,229.7,0.93,99.811
2026-04-13,2089,8356,274542.71,436.7,0.13,99.894
2026-04-14,3613,28904,1191257.42,148.1,1.32,99.88
2026-04-15,3757,18785,770742.18,294.2,0.29,99.959
2026-04-16,3868,30944,1184232.87,173.5,2.34,99.94
2026-04-17,3222,16110,558127.23,276.7,0.81,99.775
2026-04-18,2130,17040,470736.23,300.2,0.24,99.877
2026-04-19,2435,19480,728990.96,240.5,0.57,99.7
2026-04-20,4038,12114,294055.69,357.4,0.31,99.593
2026-04-21,1976,9880,207434.75,258.7,0.87,99.75
2026-04-22,2099,16792,437088.21,381.3,1.53,99.887
2026-04-23,1934,11604,355990.66,123.8,1.33,99.871
2026-04-24,2156,10780,345374.48,288.3,1.97,99.858
2026-04-25,1960,9800,302961.1,409.6,1.4,99.852
2026-04-26,2133,14931,632901.99,181.6,2.42,99.768
2026-04-27,3719,26033,1026651.69,447.1,1.69,99.894
2026-04-28,3477,13908,428676.14,235.4,1.67,99.608
2026-04-29,3463,24241,939295.61,284.0,2.04,99.98
2026-04-30,1796,14368,533023.42,214.0,0.52,99.895
2026-05-01,3844,11532,219393.67,309.0,1.51,99.793
2026-05-02,2070,12420,474966.85,342.5,1.31,99.964
2026-05-03,2733,19131,658952.35,128.1,0.95,99.754
2026-05-04,2401,19208,566401.79,448.7,2.31,99.813
2026-05-05,2034,10170,411521.3,368.8,0.9,99.643
2026-05-06,3361,20166,497868.88,317.9,0.88,99.613
2026-05-07,2241,15687,581819.32,124.9,0.91,99.586
2026-05-08,2774,19418,839915.71,389.6,2.14,99.641
2026-05-09,3122,9366,386103.48,223.1,0.9,99.87
2026-05-10,2554,12770,487590.31,442.3,0.96,99.562
2026-05-11,2350,14100,530199.19,363.4,1.79,99.724
2026-05-12,3456,13824,368698.35,256.9,1.94,99.623
2026-05-13,4128,33024,636761.22,185.5,2.09,99.905
2026-05-14,2232,13392,447418.66,439.9,1.04,99.68
2026-05-15,2208,15456,649407.18,273.1,2.29,99.955
2026-05-16,3707,18535,251196.09,383.7,1.77,99.516
2026-05-17,1885,11310,452093.75,135.9,2.35,99.575
2026-05-18,4127,16508,664725.15,307.1,0.84,99.87
2026-05-19,2787,16722,584820.01,142.9,0.28,99.958
2026-05-20,3650,21900,799265.65,395.5,0.2,99.707
2026-05-21,4140,24840,725904.92,166.0,2.35,99.885
2026-05-22,2870,17220,569952.3,348.8,0.36,99.593
2026-05-23,4075,24450,424776.89,387.6,1.22,99.623
2026-05-24,3842,30736,502888.86,245.5,1.47,99.537
2026-05-25,3366,13464,205852.16,225.5,0.52,99.684
2026-05-26,2832,8496,224856.63,265.5,1.45,99.836
2026-05-27,2547,15282,577877.73,192.2,0.67,99.565
2026-05-28,3396,16980,497881.93,225.9,0.95,99.876
2026-05-29,3522,17610,314392.97,329.6,0.59,99.681
2026-05-30,2217,15519,594164.37,376.3,2.27,99.612
2026-05-31,2598,12990,461827.76,186.3,1.34,99.803
2026-06-01,3306,26448,1166135.76,139.2,1.7,99.666
2026-06-02,3445,10335,162993.58,446.1,1.66,99.559
2026-06-03,3554,21324,401779.02,297.3,1.54,99.965
2026-06-04,3198,25584,525137.28,194.8,1.74,99.799
2026-06-05,2253,6759,115408.81,233.9,1.26,99.759
2026-06-06,2507,12535,386708.77,223.6,2.21,99.797
2026-06-07,3113,12452,399915.85,151.9,2.08,99.81
2026-06-08,2740,21920,519167.57,265.7,1.65,99.681
2026-06-09,3483,27864,1227057.93,272.1,1.68,99.794
2026-06-10,3648,18240,509348.65,244.8,1.04,99.755
2026-06-11,2986,20902,594822.77,291.1,1.09,99.666
2026-06-12,3449,17245,321256.86,124.2,0.12,99.722
2026-06-13,2034,12204,153748.02,418.0,1.42,99.567
2026-06-14,3748,26236,1012334.3,146.2,2.03,99.988
2026-06-15,3239,9717,296866.12,439.7,1.23,99.974
2026-06-16,3538,10614,223114.89,410.9,1.12,99.917
2026-06-17,2131,10655,418552.53,442.6,0.79,99.925
2026-06-18,3213,9639,416758.07,186.2,1.78,99.982
2026-06-19,3210,16050,367838.62,348.2,0.38,99.504
2026-06-20,2780,22240,757402.56,376.9,1.08,99.892
2026-06-21,3168,22176,717390.57,324.9,1.56,99.575
2026-06-22,2710,16260,527416.88,207.4,1.13,99.787
2026-06-23,3950,23700,443771.35,148.4,0.15,99.798
2026-06-24,4169,20845,706609.98,282.0,2.33,99.984
2026-06-25,2562,17934,477004.11,229.2,0.72,99.835
2026-06-26,2342,11710,181871.52,126.6,2.31,99.934
2026-06-27,2717,16302,364064.28,167.2,0.13,99.811
2026-06-28,3940,11820,161923.73,360.5,1.0,99.664
2026-06-29,2175,10875,353162.41,325.7,1.22,99.518
